bus_i,x,y
1,-96,16
2,-96,15
3,-98,15
4,-97,14
5,-101,16
6,-97,17
7,-88,17
8,-101,18
9,-106,18
10,-108,18
11,-93,8
12,-87,15
13,-93,6
14,-89,11
15,-89,6
16,-84,16
17,-82,16
18,-85,11
19,-87,6
20,-85,7
21,-83,8
22,-81,8
23,-75,7
24,-70,14
25,-78,13
26,-78,15
27,-79,12
28,-80,12
29,-80,10
30,-82,18
31,-81,10
32,-81,8
33,-87,1
34,-78,-1
35,-69,1
36,-72,1
37,-67,7
38,-67,9
39,-66,5
40,-64,6
41,-64,4
42,-63,4
43,-75,-2
44,-72,-3
45,-68,-5
46,-68,0
47,-66,0
48,-67,-2
49,-61,1
50,-61,-2
51,-60,0
52,-59,1
53,-55,0
54,-53,1
55,-49,1
56,-51,-3
57,-55,-5
58,-55,-2
59,-53,7
60,-54,3
61,-57,7
62,-59,7
63,-53,9
64,-57,9
65,-62,9
66,-62,7
67,-61,6
68,-60,12
69,-61,15
70,-67,14
71,-67,16
72,-69,16
73,-67,22
74,-60,21
75,-60,18
76,-57,21
77,-56,18
78,-52,20
79,-52,18
80,-55,12
81,-57,12
82,-51,23
83,-45,24
84,-41,25
85,-40,22
86,-40,31
87,-41,34
88,-39,26
89,-37,26
90,-35,23
91,-34,21
92,-39,18
93,-42,19
94,-46,16
95,-44,19
96,-47,19
97,-51,14
98,-45,10
99,-49,12
100,-42,14
101,-38,16
102,-31,19
103,-39,10
104,-38,13
105,-35,12
106,-26,17
107,-25,16
108,-30,10
109,-32,7
110,-36,6
111,-31,4
112,-35,3
113,-83,10
114,-78,8
115,-78,10
116,-57,15
117,-86,13
118,-57,24
